{"count": 600, "params": {"Sphere Radius": 1.5, "Hex Count": 600, "Hex Scale": 0.03999999910593033, "Hex Margin": 0.019999999552965164, "Random Scale": 0.0, "Effector Radius": 1.5, "Effector Max Scale": 4.0}, "scale_min": 0.03999998274035196, "scale_max": 0.1279362291646405, "scale_mean": 0.044592045880663, "min_center_dist": 0.1893262832255545, "min_signed_gap": -0.04416127193675995, "near_eff_n": 16, "near_eff_mean": 0.11327120445914655, "near_scales": [0.11401828529338982, 0.10517366627707359, 0.11744872295275863, 0.12246670372242296, 0.10823278049033154, 0.10099157088718258, 0.1279362291646405, 0.11928477976017743, 0.11947553027991355, 0.12650541963182838, 0.10025822061122357, 0.10578025711367345, 0.1199435266043611, 0.11359221445926758, 0.10210289252007493, 0.10912847157802547], "far_eff_n": 359, "far_eff_mean": 0.03999999926842821, "z_axes_first5": [[0.002308429451659322, 0.03993333503603935, 1.5149355103716289e-09], [-0.002945788437500596, 0.0398000031709671, 0.002698578406125307], [0.00045052191126160324, 0.03966666758060455, -0.005133484490215778], [0.0037067621015012264, 0.0395333357155323, 0.004834810737520456], [-0.006796660833060741, 0.039399996399879456, -0.0012022220762446523]]}